{"cameraMode":{"drawMode":0,"name":"Shaded","section":"Shading Mode"},"sceneLighting":true,"audioPlay":false,"sceneViewState":{"m_AlwaysRefresh":false,"showFog":true,"showSkybox":true,"showFlares":true,"showImageEffects":true,"showParticleSystems":true,"showVisualEffectGraphs":true,"m_FxEnabled":true},"in2DMode":false,"pivot":{"x":1.7269134521484376,"y":-92.97854614257813,"z":144.59637451171876},"rotation":{"x":0.32665887475013735,"y":0.11585389822721482,"z":-0.040382806211709979,"w":0.9371458888053894},"size":237.6684112548828,"orthographic":false}